,words,0,1
0,banana,3.835321289092236e-17,1.9993008933946106
1,cookies,3.835321289092236e-17,1.9993008933946106
2,eats,1.5408379974362558,4.323477270195424e-16
3,he,1.7318935234579231,-2.5442559238922537e-17
4,likes,1.8426405144732145,-3.712512798234079e-16
5,nlp,-2.190851263073859e-17,1.9426806295568766
6,she,1.7318935234579231,-2.5442559238922537e-17
