,words,banana,cookies,eats,he,likes,nlp,she
0,banana,0.0,0.0,1.3219280948873624,1.0,0.7369655941662062,0.0,1.0
1,cookies,0.0,0.0,1.3219280948873624,1.0,0.7369655941662062,0.0,1.0
2,eats,1.3219280948873624,1.3219280948873624,0.0,0.0,0.0,0.0,0.0
3,he,1.0,1.0,0.0,0.0,0.0,1.0,0.0
4,likes,0.7369655941662062,0.7369655941662062,0.0,0.0,0.0,1.7369655941662063,0.0
5,nlp,0.0,0.0,0.0,1.0,1.7369655941662063,0.0,1.0
6,she,1.0,1.0,0.0,0.0,0.0,1.0,0.0
